RI,Na,Mg,Al,Si,K,Ca,Ba,Fe,label_encoded
-0.641014548180867,-1.7141256848203317,-1.935078915210205,-0.5129287634838441,3.211822289264935,3.979591478568732,-0.017225970675647174,-0.3456677910232647,-0.6116969961599849,5
-0.2662363193114594,-0.8739372158623455,0.5818128954178117,-0.2857433566352439,0.5576694750532666,0.21838898785112373,-0.19249270473211366,-0.3456677910232647,0.768245042570597,0
-0.42266549310037105,0.002259330336696377,0.5393933705195867,-0.5955416387015168,0.266976547782461,0.02043096202388124,-0.382364999959952,-0.3456677910232647,-0.6116969961599849,0
-0.6084251369748348,-0.5378618282791523,0.56767305378507,0.37515964510613786,0.4060035999554518,0.27237754034946265,-0.6744762233873961,-0.3456677910232647,1.4582160619358877,1
-0.4585138454270283,-0.4538429813833535,0.5181836080704743,0.7262643647812467,0.10267184975984031,0.3083699086816886,-0.5649345146021044,-0.3456677910232647,-0.6116969961599849,1
4.156146781347637,-3.178454159289961,-1.935078915210205,1.3665141477182103,-3.5752256213620233,0.1644004353527848,3.174089145269178,5.757368875411231,2.1481870813011787,1
0.2747479067087346,0.3143293330925191,0.56767305378507,-1.4216703908782438,0.014200089286127029,-0.5914392996239594,-0.04643709301839094,-0.055046997383526836,1.753917927378155,2
1.5164044736587317,0.07427548481880783,0.42627463745765326,-0.4303158882661713,-0.32704812968395613,0.20039280368501078,-0.09025377653250788,-0.3456677910232647,-0.6116969961599849,5
-0.6638271360250969,-0.40583221172861256,0.4686941623558783,-0.36835623185291666,0.4691977145795533,0.056423330356107186,-0.2728232911746603,-0.3456677910232647,-0.6116969961599849,2
0.18023861421126264,0.266318563437776,0.6242324203160368,-0.6781545139191891,0.001561266361303147,-0.6274316679561852,-0.14137324063231077,-0.3456677910232647,-0.6116969961599849,0
-0.9929801892060448,0.914463953776794,-1.935078915210205,2.5644008383744645,0.9494729857226093,-0.7354087729528629,0.0850129575239586,0.8361901031116693,-0.1188605537562056,5
-0.8463278387788633,-0.429837596555983,0.5959527370505534,0.14797423825753772,0.6082247667525441,0.36235846118002735,-0.7255956874871984,-0.3456677910232647,-0.6116969961599849,1
0.7016691935078517,1.1785231868778736,-1.935078915210205,1.2012883972828647,0.9873894544970631,-0.8793782462817666,-0.37506221937426604,2.83178621943787,-0.6116969961599849,5
-0.7811490163667987,0.05027009999143735,0.4686941623558783,-0.45096910707058946,0.06475538098538663,0.1823966195188978,-0.46269558640249864,-0.3456677910232647,-0.6116969961599849,2
-0.37052243517073385,-0.7179022144844353,0.6242324203160368,-0.3063965754396621,0.19114361023357157,0.1823966195188978,-0.1851899241464277,-0.3456677910232647,-0.6116969961599849,0
-0.16195020345211267,0.3983481799883179,0.8433999656235326,0.2099338946707923,-1.0474610363985402,0.09241569868833313,-0.5430261728450453,-0.3456677910232647,0.8668123310513527,1
0.98519707100034,-0.39382951931492516,0.6454421827651491,-1.1738317652252255,-0.5292692964810305,-0.5374507471256205,0.6546298432074736,-0.3456677910232647,1.0639469080128645,0
-0.8267741920552584,-0.429837596555983,0.5818128954178117,0.2099338946707923,0.5955859438277202,0.41634701367836624,-0.7694123710013147,-0.3456677910232647,-0.6116969961599849,1
-0.8495867798994883,-0.5978752903475786,0.48990392480499095,-0.07921116859106242,0.8104459335496185,0.36235846118002735,-0.659870662216023,-0.3456677910232647,1.753917927378155,0
0.9819381298797151,-2.8183733868793976,-0.7261224556107925,0.25124033227962866,1.0126671003466927,0.1644004353527848,1.9472220068739126,-0.3456677910232647,-0.6116969961599849,3
-0.7550774874019439,-0.44184028896966826,0.5393933705195867,0.08601458184428312,0.3175318394817385,0.20039280368501078,-0.6087511981162214,-0.3456677910232647,-0.6116969961599849,1
0.2845247300706094,0.4943697192977999,-0.23122799846483405,-0.5129287634838441,0.1532271414591179,-0.8793782462817666,0.5962075985219848,-0.3456677910232647,-0.6116969961599849,4
1.4675203568496469,-0.08175951655910246,0.5959527370505534,-1.2770978592473166,-0.819962223751836,-0.6634240362884112,0.888318821949429,-0.3456677910232647,-0.31599513071771734,0
-0.5986483136130323,-0.6218806751749512,-1.935078915210205,0.8088772399989195,1.5687753090386563,0.8662516178311902,0.888318821949429,-0.3456677910232647,-0.6116969961599849,3
-0.28904890715568926,-0.6818941372433774,0.56767305378507,-0.4303158882661713,0.7598906418503409,0.1644004353527848,-0.41157612230269575,-0.3456677910232647,-0.6116969961599849,0
-0.8365510154170608,-0.3458187496601842,0.6030226578669241,0.1686274570619559,0.5829471209028964,0.3263660928478016,-0.8205318351011175,-0.3456677910232647,-0.6116969961599849,1
-0.3998529052562136,1.5866147289431805,-1.935078915210205,1.862191399024246,0.8104459335496185,-0.8793782462817666,-0.002620409504275292,0.933063700991582,-0.6116969961599849,5
-0.9147656023115528,-0.1657783634549013,0.532323449703216,0.06536136303986494,0.7725294647751648,-0.19552324796947423,-0.6744762233873961,-0.3456677910232647,-0.6116969961599849,1
1.0503758934124046,0.15829433171460666,0.7939105199089366,-1.1531785464208073,-1.07273868224817,-0.46546601046116853,0.4282436450512043,-0.3456677910232647,0.47254317712832944,0
-0.8398099565376858,-0.6218806751749512,0.5535332121523283,1.4078205853270467,0.02683891221093295,0.36235846118002735,-0.7182929069015124,-0.3456677910232647,-0.6116969961599849,1
1.0503758934124046,0.12228625447355095,0.7090714701124868,-1.111872108811971,-0.7946845779021883,-0.5554469312917334,0.4793631091510072,-0.3456677910232647,0.07827402320530612,0
1.2133229494425661,1.2625420337736726,-1.935078915210205,-0.9053399207677892,0.03947773513575683,-0.699416404620637,1.8741942010170518,-0.3456677910232647,0.1768413116860619,1
-1.0940073639447667,1.7666551151484633,-1.935078915210205,2.0274171494595916,1.366554142241582,-0.8793782462817666,-0.41157612230269575,0.7393165052317568,-0.6116969961599849,5
-0.7713721930049963,0.6504047206757123,0.5535332121523283,-0.3890094506573349,0.30489301655691464,-0.21351943213558722,-0.7402012486585703,-0.3456677910232647,0.768245042570597,1
-0.5758357257688025,-0.0937622089727877,0.6383722619487784,0.1892806758663741,-0.1374657858116877,0.29037372451557564,-0.6744762233873961,-0.3456677910232647,2.246754369781934,1
1.1742156559953563,0.4223535648156884,0.779770678276195,-1.4836300472914983,-1.1106551510226237,-0.5734431154578463,0.574299256764927,-0.3456677910232647,-0.6116969961599849,0
1.294796477457683,1.7786578075621486,-0.37969633560862154,1.2839012725005374,-3.006478589745236,0.4883317503428181,0.5889048179362989,-0.3456677910232647,-0.6116969961599849,5
-0.12610185112545544,-0.5018537510380945,0.15761764643556164,-0.01725151217780784,0.3554483082561922,0.20039280368501078,-0.11946489887525294,-0.07442171695950933,-0.6116969961599849,1
-0.6670860771456495,0.026264715164066862,0.532323449703216,0.1686274570619559,0.014200089286127029,0.3263660928478016,-0.6379623204589652,-0.3456677910232647,0.37397588864757364,1
-0.03485149974860841,-0.6338833675886364,0.6595820243978908,-0.40966266946175306,-0.0869104941124281,0.23638517201723672,-0.1997954853177996,-0.3456677910232647,2.8381581006664693,1
-2.068430759005183,-0.4658456737970388,0.5181836080704743,-0.657501295114771,0.4312812458050996,0.23638517201723672,-0.44078724464544083,-0.3456677910232647,2.443888946743446,0
-0.018556794145556083,-0.15377567104121603,0.7232113117452282,-0.24443691902640752,-0.3017704838343084,0.1644004353527848,-0.38966778054563794,-0.3456677910232647,-0.6116969961599849,1
0.7114460168696543,0.20630510136934976,-0.4574654645887009,0.47842573912822833,-0.57982458818029,0.07441951452222016,0.4501519868082634,0.17744963752826354,1.0639469080128645,1
-0.6019072547335849,-0.28580528759175583,0.5040437664377326,0.664304708367992,-0.2006599004357712,0.20039280368501078,-0.4188789028883817,-0.3456677910232647,1.0639469080128645,2
-0.8528457210201131,-0.30981067241912846,0.4757640831722493,0.29254676988846506,0.7851682876999887,-0.7534049571189759,-0.41157612230269575,-0.3456677910232647,1.261081484974376,1
-0.005521029663128692,0.3143293330925191,0.8009804407253076,-0.3477030130484985,-0.8578786925262898,0.09241569868833313,-0.46269558640249864,-0.3456677910232647,2.542456235224202,1
0.19979226093486754,0.6263993358483418,0.7020015492961158,-0.5335819822882623,-0.6556575257291974,-0.7714011412850889,-0.04643709301839094,-0.3456677910232647,-0.6116969961599849,0
-0.41940655197981846,-0.6098779827612659,0.525253528886845,-0.22378370022198932,0.5071141833540069,0.12840806702055907,-0.382364999959952,-0.3456677910232647,-0.6116969961599849,0
-0.0674409109546407,1.2985501110147304,-0.3514166523431382,0.37515964510613786,-0.32704812968395613,-0.8793782462817666,0.22376578865199406,-0.3456677910232647,-0.6116969961599849,4
-0.46503172766827816,0.12228625447355095,0.525253528886845,0.5610386143459011,-0.1501046087365116,0.23638517201723672,-0.7036873457301399,-0.3456677910232647,-0.6116969961599849,1
0.98519707100034,-0.30981067241912846,0.5959527370505534,-1.111872108811971,-0.5545469423306603,-0.46546601046116853,0.6327215014504158,-0.3456677910232647,0.9653796195321086,0
2.89819550879466,-2.830376079293083,-1.935078915210205,-1.4216703908782438,0.5576694750532666,-0.8793782462817666,4.38635072249307,-0.3456677910232647,-0.6116969961599849,1
0.1574260263670328,0.2423131786104055,0.43334455827402424,-0.4303158882661713,-0.706212817428475,0.1823966195188978,-0.031831531847019055,-0.3456677910232647,-0.6116969961599849,0
-0.8365510154170608,-0.15377567104121603,0.5040437664377326,-0.01725151217780784,0.6714188813766276,0.21838898785112373,-0.798623493344059,-0.3456677910232647,-0.6116969961599849,1
-0.3509687884471289,-0.12977028621384556,0.6242324203160368,-0.40966266946175306,0.5576694750532666,0.1104118828544461,-0.6452651010446511,-0.3456677910232647,-0.6116969961599849,0
-0.05766408759283826,-0.05775413173173197,0.42627463745765326,0.2099338946707923,-0.6303798798795677,0.12840806702055907,0.02659071283846977,-0.3456677910232647,-0.6116969961599849,2
2.037835052955321,-2.3142603055046065,-1.935078915210205,0.91214333402101,-0.5671857652554841,0.578312671173383,3.130272461755061,-0.3456677910232647,2.739590812185714,1
0.21282802541729495,-0.7779156765528614,-0.6271435641816008,0.870836896412174,0.06475538098538663,0.20039280368501078,0.8298965772639402,-0.3456677910232647,-0.6116969961599849,3
-0.23364690810542715,-0.20178644069595703,0.05156883418999921,-0.3063965754396621,0.4312812458050996,0.03842714618999421,0.04849905459552759,-0.3456677910232647,0.2754086001668177,0
-0.1977985557787699,-0.22579182552332963,0.8221902031744199,-0.2857433566352439,-0.3902422443080396,0.1104118828544461,-0.37506221937426604,-0.3456677910232647,2.1481870813011787,1
-0.2303879669848022,-0.20178644069595703,0.4616242415395076,-0.22378370022198932,0.1532271414591179,0.1823966195188978,-0.26552051058897436,-0.3456677910232647,-0.6116969961599849,0
0.24867637774395218,-0.2137891331096444,0.41920471664128256,-0.3270497942440803,-0.3523257755335859,0.20039280368501078,0.1361324216237615,-0.3456677910232647,0.47254317712832944,0
3.0220352713776117,-0.8859399082760308,-1.935078915210205,-1.586896141313589,-0.7820457549773824,-0.7714011412850889,3.977395009694648,-0.3456677910232647,-0.6116969961599849,1
0.753812251437489,0.48236702688411465,-0.3231369690776551,-0.01725151217780784,-0.819962223751836,0.002434777857768267,0.6546298432074736,-0.3456677910232647,1.0639469080128645,1
-1.1135610106683715,2.126735887559029,-1.935078915210205,1.6763124297844827,1.0885000378956002,-0.8793782462817666,-0.4480900252311268,0.8749395422636344,-0.6116969961599849,5
-0.3086025538792942,-0.801921061380232,0.48283400398862,-0.49227554467942586,0.7093353501510813,0.1823966195188978,-0.22900660766054334,-0.3456677910232647,-0.6116969961599849,0
-0.12610185112545544,-0.05775413173173197,0.7868405990925659,-0.3890094506573349,0.1785047873087477,0.056423330356107186,-0.6087511981162214,-0.3456677910232647,-0.6116969961599849,1
-0.5204337267185403,-0.05775413173173197,0.56767305378507,0.35450642630171963,-0.12482696288686383,0.34436227701391453,-0.6160539787019073,-0.3456677910232647,-0.6116969961599849,1
-0.3118614949999191,0.014262022750381619,0.6525121035815201,-0.5129287634838441,0.19114361023357157,0.14640425118667186,-0.4992094893309297,-0.3456677910232647,0.47254317712832944,0
0.0726935572313633,-0.5378618282791523,0.6525121035815201,0.25124033227962866,-0.16274343166131752,0.1644004353527848,-0.2947316329317181,-0.3456677910232647,0.5711104656090852,1
-0.37378137629135877,-0.429837596555983,0.56767305378507,0.5197321767370647,0.1153106726846642,0.09241569868833313,-0.37506221937426604,-0.3456677910232647,0.07827402320530612,0
-0.2173522025023748,-0.8259264462076046,0.56767305378507,-0.20313048141757112,0.39336477703064593,0.14640425118667186,-0.1486760212179967,-0.3456677910232647,-0.6116969961599849,0
-0.7322648995577141,-0.02174605449067624,0.5959527370505534,0.10666780064870132,0.10267184975984031,-0.06954995880668352,-0.5430261728450453,-0.3456677910232647,-0.6116969961599849,1
-0.01203891190437857,0.038267407577752106,0.8151202823580492,-0.22378370022198932,-0.32704812968395613,0.03842714618999421,-0.4919067087452437,-0.3456677910232647,-0.6116969961599849,1
-0.39007608189433873,-1.2340179882729114,-0.012060453157338186,0.3958128639105556,0.29225419363210875,0.3803546453461403,0.20185744689493623,-0.3456677910232647,-0.6116969961599849,1
-0.3118614949999191,0.12228625447355095,0.7090714701124868,-0.5542352010926804,0.4439200687299055,0.1823966195188978,-0.6744762233873961,-0.3456677910232647,-0.6116969961599849,0
-0.6116840780953873,-0.6338833675886364,0.5464632913359574,0.003401706626610352,0.4691977145795533,0.34436227701391453,-0.5284206116736734,-0.22941947356736955,1.8524852158589111,1
0.6788566056636219,-0.6338833675886364,-0.7968216637745007,1.511086679349137,-0.57982458818029,0.4883317503428181,0.545088134422182,0.1193254788003159,4.4152347163585635,3
-0.3151204361204717,-0.9699587551718296,0.5181836080704743,-0.1205176061998988,0.9494729857226093,0.20039280368501078,-0.2947316329317181,-0.3456677910232647,-0.02029326527544981,0
-0.5725767846481775,-0.6098779827612659,0.5818128954178117,0.41646608271497376,0.6335024126021739,0.29037372451557564,-0.7036873457301399,-0.3456677910232647,-0.6116969961599849,1
-0.2629773781908345,0.3263320255062043,0.6525121035815201,-0.6781545139191891,0.16586596438392381,-0.6814202204545241,-0.2582177300032884,-0.3456677910232647,-0.6116969961599849,2
-0.21409326138174986,-0.8379291386212898,0.6595820243978908,-0.5748884198970986,0.5955859438277202,0.21838898785112373,-0.1851899241464277,-0.3456677910232647,-0.6116969961599849,0
-0.8267741920552584,-0.70589952207075,0.6171624994996657,0.37515964510613786,0.4186424228802757,0.27237754034946265,-0.6452651010446511,-0.3456677910232647,1.9510525043396671,0
1.6923872941713205,0.07427548481880783,-1.935078915210205,0.29254676988846506,-0.5292692964810305,-0.30350035296615197,2.3999944031864513,-0.3456677910232647,-0.6116969961599849,3
-0.8072205453316534,1.7666551151484633,-1.935078915210205,1.9448042742419187,0.8104459335496185,-0.8793782462817666,-0.14137324063231077,0.8943142618396169,0.2754086001668177,5
-0.7257470173165366,-0.4538429813833535,0.5959527370505534,0.2099338946707923,0.24169890193283117,0.21838898785112373,-0.6671734428017102,-0.3456677910232647,-0.6116969961599849,1
-0.347709847326504,-0.0937622089727877,0.610092578683295,-0.6161948575059351,0.5703082979780905,0.1644004353527848,-0.5722372951877903,-0.3456677910232647,-0.6116969961599849,0
-0.6833807827487018,-0.9939641399992001,0.525253528886845,0.8914901152165923,0.7472518189255349,0.25438135618334967,-0.6379623204589652,-0.3456677910232647,0.2754086001668177,1
-0.738782781798964,0.9864801082589055,-1.935078915210205,2.791586245223064,1.0379447461963227,-0.8073935096173148,0.06310461576689948,0.42932099201603635,0.2754086001668177,5
-0.33141514172352404,-0.6218806751749512,0.5818128954178117,-0.3477030130484985,0.7219741730758872,0.09241569868833313,-0.4188789028883817,-0.3456677910232647,1.0639469080128645,0
1.0471169522917796,-2.1822306889540646,-0.6059338017324883,0.25124033227962866,0.27961537070728487,-0.03355759047445768,1.793863614574505,-0.3456677910232647,-0.6116969961599849,3
-0.7127112528341092,-0.045751439318046726,0.5888828162341824,0.2718935510840469,0.29225419363210875,0.21838898785112373,-0.7767151515870012,-0.3456677910232647,-0.6116969961599849,1
-2.3943248710655785,4.803336295810894,-1.935078915210205,-2.2684523618593886,3.502515216535722,-0.8793782462817666,-1.6822599442120767,-0.3456677910232647,-0.6116969961599849,4
-0.9212834845527303,-0.10576490138647507,0.5040437664377326,-0.47162232587500763,0.1279494956094701,0.12840806702055907,-0.28012607176034626,-0.3456677910232647,-0.6116969961599849,0
-0.7713721930049963,0.6023939510209714,-0.6766330098961967,0.7262643647812467,0.5829471209028964,-0.8793782462817666,-0.20709826590348554,1.1268108967514072,-0.6116969961599849,5
-0.3053436127586693,-0.2738025951780706,0.6171624994996657,-0.8020738267456983,0.7598906418503409,0.14640425118667186,-0.5211178310879875,-0.3456677910232647,-0.6116969961599849,0
-0.09677138104004807,-0.9099452931034034,0.01621923010814486,-1.2564446404428984,1.480303548564943,-0.24951180046781316,0.3406102780229717,-0.3456677910232647,1.3596487734551321,1
-0.797443721969851,-0.5738699055202081,0.49697384562136165,0.024054925431028547,0.5323918292036368,-0.0875461429727965,-0.4992094893309297,-0.3456677910232647,-0.6116969961599849,1
1.1774745971159812,0.9744774158452203,0.7373511533779699,-1.0912188900075528,-1.6162080680153275,-0.46546601046116853,0.1361324216237615,-0.3456677910232647,3.0352926776279814,2
-0.0674409109546407,-0.1657783634549013,0.8221902031744199,-0.05855794978664423,-0.3902422443080396,0.1104118828544461,-0.4699983669881846,-0.3456677910232647,0.37397588864757364,1
0.3888108459298838,1.418577035151585,-1.935078915210205,-1.8140815481621888,1.0632223920459705,-0.8793782462817666,1.6551107834464696,-0.3456677910232647,-0.6116969961599849,4
-0.4519959631858508,1.0224881854999635,-1.935078915210205,1.3252077101093738,0.9115565169481556,-0.8793782462817666,-0.24361216883191653,2.8899103781658173,-0.6116969961599849,5
1.532699179261784,0.4103508724020032,0.6949316284797451,-1.9173476421842799,-1.1232939739474477,-0.71741258878675,0.8079882355068824,-0.3456677910232647,0.9653796195321086,0
-0.8463278387788633,-0.6698914448296922,0.5535332121523283,0.9534497716298463,0.27961537070728487,0.36235846118002735,-0.7182929069015124,-0.3456677910232647,-0.6116969961599849,1
-0.5953893724924073,-0.5258591358654671,0.6171624994996657,-0.36835623185291666,0.14058831853429402,0.12840806702055907,-0.2582177300032884,-0.3456677910232647,-0.6116969961599849,1
0.3888108459298838,-0.8859399082760308,-1.935078915210205,0.437119301519392,1.4044706110160357,-0.19552324796947423,1.8814969816027376,-0.3456677910232647,-0.6116969961599849,3
-0.27927208379381446,-0.477848366210724,0.56767305378507,-0.47162232587500763,0.4565588916547294,0.29037372451557564,-0.3093371941030913,-0.3456677910232647,-0.6116969961599849,0
-0.2434237314672296,-0.6338833675886364,0.525253528886845,-0.4303158882661713,0.4186424228802757,0.21838898785112373,-0.28742885234603216,-0.17129531483942198,1.5567833504166435,0
-0.5367284323215202,1.8506739620442623,-1.935078915210205,1.13932874086961,0.5323918292036368,-0.8793782462817666,-0.40427334171700985,2.734912621557957,-0.6116969961599849,5
2.663551748111184,0.7344235675715112,0.6807917868470035,-1.5042832660959164,-1.3507927865941696,-0.8433858779495407,0.6327215014504158,-0.3456677910232647,0.37397588864757364,0
-0.06092302871339084,1.2145312641189314,-1.935078915210205,0.7882240211945013,0.27961537070728487,1.65808372114016,-1.8137099947544268,5.234251446859703,-0.6116969961599849,5
-0.6344966659396172,-0.753910291725491,0.07984851745548258,0.003401706626610352,0.7978071106247946,0.14640425118667186,-0.11946489887525294,-0.13254587568745693,1.5567833504166435,1
-0.7583364285225689,1.8866820392853179,-1.935078915210205,1.717618867393319,0.8357235793992482,-0.8793782462817666,-0.17788714356074048,0.9524384205675646,-0.6116969961599849,5
-0.08373561655762068,-0.6098779827612659,0.525253528886845,-0.3063965754396621,0.39336477703064593,0.20039280368501078,-0.382364999959952,-0.3456677910232647,-0.6116969961599849,0
-1.0940073639447667,0.7584289523988816,-0.04034013642282155,4.2579647803367555,-3.474115037963486,2.14398069362521,-2.2518768298955925,3.9167705156928916,-0.6116969961599849,3
1.8260038801160745,0.542380488952543,0.1151981215373366,-0.5542352010926804,-1.8816233494364853,-0.7354087729528629,1.3410912182619663,-0.3456677910232647,-0.6116969961599849,1
0.16394390860821031,0.1342889468872362,0.525253528886845,-0.18247726261315295,-0.8705175154510957,0.1104118828544461,0.03389349342415571,-0.3456677910232647,-0.6116969961599849,0
-0.24016479034660465,0.18229971654197716,0.4757640831722493,0.1686274570619559,-0.7567681091277346,0.1644004353527848,-0.11946489887525294,-0.3456677910232647,-0.6116969961599849,2
-0.03811044086916099,1.1305124172231327,0.36971527092668655,1.6143527733712286,-1.7552351201883183,1.7480646419707249,-2.3102990745810814,2.812411499861887,-0.6116969961599849,5
-0.18476279129634252,-0.70589952207075,0.5393933705195867,-0.657501295114771,0.49447536042918305,0.27237754034946265,-0.13407046004662482,-0.3456677910232647,-0.6116969961599849,0
-0.27275420155263697,-0.20178644069595703,0.6737218660306324,-0.3063965754396621,-0.03635520241315054,0.14640425118667186,-0.5357233922593594,-0.3456677910232647,-0.6116969961599849,0
-1.0386053648945046,1.2025285717052463,-1.935078915210205,2.523094400765628,0.5829471209028964,-0.8073935096173148,0.09231573810964454,0.8943142618396169,-0.6116969961599849,5
-0.3086025538792942,-0.4538429813833535,0.610092578683295,-0.16182404380873475,0.4439200687299055,0.14640425118667186,-0.40427334171700985,-0.3456677910232647,0.47254317712832944,0
-0.425924434220996,1.6466281910116087,-1.935078915210205,1.1599819596740284,0.4818365375043592,-0.8793782462817666,-0.3093371941030913,2.734912621557957,0.1768413116860619,5
-0.18476279129634252,-0.20178644069595703,0.525253528886845,-0.05855794978664423,0.001561266361303147,0.1823966195188978,-0.382364999959952,-0.3456677910232647,-0.6116969961599849,0
-1.739277705824235,-0.429837596555983,-1.935078915210205,3.3079167153335187,-2.7284244853992545,10.29625212087438,-1.455873746055808,-0.3456677910232647,-0.6116969961599849,3
0.8189910738495536,0.3143293330925191,1.2393155313402993,-0.6988077327236073,-1.085377505172994,-0.7714011412850889,-0.1486760212179967,-0.3456677910232647,-0.6116969961599849,0
-0.11958396888427791,0.06227279240512259,0.8787495697053866,-0.5335819822882623,-0.18802107751096528,0.1644004353527848,-0.5868428563591622,-0.3456677910232647,-0.6116969961599849,1
5.0295430016694045,-1.2940314503413375,-1.935078915210205,-0.9053399207677892,-3.132866818993421,-0.6634240362884112,5.28459273453246,-0.3456677910232647,1.753917927378155,1
0.13787237964342788,0.09828086964618045,0.7727007574598243,-0.36835623185291666,-0.11218813996205791,0.14640425118667186,-0.5430261728450453,-0.3456677910232647,0.768245042570597,1
-0.738782781798964,0.914463953776794,-1.935078915210205,2.9774652144628275,-0.03635520241315054,-0.7354087729528629,0.16534354396650525,1.708052484030883,-0.6116969961599849,5
-0.9082477200703754,-0.7899183689665468,0.5111136872541033,0.25124033227962866,0.7093353501510813,0.3263660928478016,-0.6306595398732792,-0.3456677910232647,1.753917927378155,0
-0.14239655672850776,-0.4538429813833535,0.7514909950107116,-0.7401141703324438,0.5450306521284427,0.12840806702055907,-0.4188789028883817,-0.3456677910232647,0.5711104656090852,1
0.19327437869369005,0.6143966434346566,0.560603132968699,-0.24443691902640752,-1.0474610363985402,0.03842714618999421,-0.1267676794609389,-0.13254587568745693,-0.6116969961599849,0
-0.3346740828440766,-0.6458860600023216,0.5393933705195867,-0.6161948575059351,0.7978071106247946,0.12840806702055907,-0.2947316329317181,-0.3456677910232647,-0.6116969961599849,0
-0.6442734893014196,0.21830779378303503,0.5888828162341824,0.06536136303986494,-0.23857636921022488,0.27237754034946265,-0.7255956874871984,-0.3456677910232647,-0.6116969961599849,1
-0.8332920742964359,-0.3458187496601842,0.5535332121523283,0.2305871134752105,0.29225419363210875,0.34436227701391453,-0.659870662216023,-0.3456677910232647,0.2754086001668177,1
0.2226048487790974,0.7944370296399373,0.5959527370505534,-0.14117082500431655,-0.706212817428475,0.12840806702055907,-0.47730114757387054,-0.3456677910232647,-0.6116969961599849,0
-0.7811490163667987,-0.05775413173173197,0.560603132968699,-0.20313048141757112,0.03947773513575683,0.12840806702055907,-0.45539280581681274,-0.3456677910232647,-0.6116969961599849,2
1.2296176550456184,0.9504720310178497,0.7585609158270825,-1.359710734464989,-1.6288468909401514,-0.8793782462817666,0.5377853538364961,-0.3456677910232647,-0.6116969961599849,0
-0.4519959631858508,-0.5858725979338933,0.6242324203160368,0.2718935510840469,0.4060035999554518,0.21838898785112373,-0.6160539787019073,-0.3456677910232647,-0.6116969961599849,1
1.066670599015457,-0.2137891331096444,0.6666519452142617,-0.5955416387015168,0.14058831853429402,0.09241569868833313,-0.31663997468877725,-0.3456677910232647,-0.6116969961599849,1
-0.6670860771456495,1.8746793468716327,-1.935078915210205,0.8914901152165923,0.5955859438277202,-0.8793782462817666,-0.20709826590348554,2.328043510462324,-0.6116969961599849,5
-0.6475324304220446,1.2025285717052463,-1.935078915210205,1.0360626468475191,1.227527090068591,-0.8793782462817666,-0.345851097031521,2.6961631824059924,-0.6116969961599849,5
1.216581890563191,-0.20178644069595703,0.7302812325615992,-1.3390575156605709,-0.819962223751836,-0.6454278521222981,0.7787771131641372,-0.3456677910232647,-0.6116969961599849,0
2.8525703331062005,0.5063724117114873,0.29194614194660745,-1.607549360118007,-2.6146750790759112,-0.7354087729528629,1.9618275680452857,-0.3456677910232647,-0.6116969961599849,1
-0.6638271360250969,0.038267407577752106,0.5747429746014407,-0.3890094506573349,0.21642125608320137,0.34436227701391453,-0.6233567592875933,-0.3456677910232647,-0.6116969961599849,1
-0.17498596793454005,0.14629163930092143,0.44041447909039494,0.3958128639105556,-0.8831563383759196,0.14640425118667186,-0.10485933770387976,-0.3456677910232647,0.2754086001668177,2
1.066670599015457,0.4463589496430589,-1.2210169127567507,-0.16182404380873475,-0.5671857652554841,-0.285504168800039,1.5966885387609808,-0.3456677910232647,-0.6116969961599849,1
0.21608696653791987,0.9264666461904792,-1.935078915210205,1.3458609289137915,0.1279494956094701,-0.8793782462817666,1.4068162435331424,-0.3456677910232647,-0.6116969961599849,4
0.8776520140204407,-0.48985105862440925,-1.7017715282699675,0.14797423825753772,0.9494729857226093,-0.6454278521222981,1.6916246863748994,-0.3456677910232647,2.1481870813011787,3
-0.6670860771456495,0.07427548481880783,0.6171624994996657,0.2099338946707923,-0.31440930675913226,0.3083699086816886,-0.6744762233873961,-0.3456677910232647,-0.6116969961599849,1
-0.5725767846481775,-0.70589952207075,0.5535332121523283,0.2099338946707923,0.9115565169481556,0.3083699086816886,-0.7694123710013147,-0.3456677910232647,-0.6116969961599849,1
-0.2662363193114594,-0.9819614475855148,0.5535332121523283,-0.01725151217780784,0.6461412355269979,0.14640425118667186,-0.30203441351740534,-0.3456677910232647,-0.6116969961599849,0
1.1285904803068967,1.1785231868778736,0.7868405990925659,-1.1325253276163891,-1.6162080680153275,-0.6094354837900723,0.14343520220944742,-0.3456677910232647,-0.6116969961599849,0
0.1248366151610005,1.934692808940061,-1.38362509153328,0.6229982707591557,-0.1753822545861414,-0.8793782462817666,0.7276576490643344,-0.3456677910232647,-0.6116969961599849,4
-0.6736039593868993,-1.4620691441329352,0.5535332121523283,-0.18247726261315295,0.3175318394817385,0.14640425118667186,-0.3093371941030913,-0.3456677910232647,-0.6116969961599849,2
-0.028333617507358536,-0.5378618282791523,0.7090714701124868,-0.6781545139191891,-0.4534363589321231,0.27237754034946265,0.004682371081411947,-0.3456677910232647,1.5567833504166435,1
-0.38355819965316124,1.8866820392853179,-1.935078915210205,0.7469175835856648,0.4439200687299055,-0.8793782462817666,-0.25091494941760245,2.6574137432540272,-0.6116969961599849,5
1.679351529688893,2.8949082020348995,-0.6412834058143424,-0.2650901378308257,-2.791618600023338,-0.32149653713226495,-0.25091494941760245,2.9092850977417997,-0.6116969961599849,5
-0.28253102491443943,-0.6938968296570627,0.6525121035815201,-0.3477030130484985,0.4691977145795533,0.20039280368501078,-0.28742885234603216,-0.3456677910232647,-0.6116969961599849,0
0.9037235429852231,1.1305124172231327,0.8221902031744199,-1.2564446404428984,-1.4392645470678829,-0.8793782462817666,0.3917297421227746,-0.3456677910232647,-0.6116969961599849,2
-0.5073979622361129,-0.6218806751749512,0.5959527370505534,-0.2650901378308257,-0.03635520241315054,0.21838898785112373,-0.11946489887525294,-0.3456677910232647,-0.6116969961599849,2
0.18023861421126264,0.7464262599851964,-0.24536784009757573,0.25124033227962866,-0.339686952608762,-0.8793782462817666,0.4501519868082634,-0.3456677910232647,-0.6116969961599849,4
1.9865572633934772,0.5404146991116852,0.6892567230056468,-1.7515677593607708,-1.2145986922584575,-0.7679708996100294,0.7376464187908253,-0.3456677910232647,0.7280247497273815,0
1.2557329689079142,-0.1830600031756375,0.7093234833192879,-1.3293906543046945,-0.819962223751836,-0.6482355923090468,0.7958676616405598,-0.3456677910232647,-0.56556199313739,0
-0.3074947817667909,-0.9718311094176454,0.5236979526032978,-0.10440866139592953,0.9021548948481041,0.1919708853343865,-0.29587082668630293,-0.3456677910232647,-0.11254900659982352,0
0.1986565145020997,0.6054845439144209,0.6974844373697782,-0.5419792771456877,-0.6174838842997603,-0.7630388742321929,-0.0519513273971408,-0.3456677910232647,-0.6116969961599849,0
-0.19653814095553873,-0.20178644069595703,0.5451221339938129,-0.0917246698973741,-0.0035128616286985645,0.17757998206599115,-0.4028880110952182,-0.3456677910232647,-0.6116969961599849,0
-0.8848487516391788,-0.7133152678068216,0.5026534314086598,0.11942818923538404,0.749666844022644,0.3407229082673356,-0.6423114180659322,-0.3456677910232647,1.753917927378155,0
0.7132614444334325,0.6350065372410626,0.6500968311227262,-1.2611484319807276,-0.7777960448604427,-0.5302458140689118,0.042248889790308594,-0.196220570414616,2.3763656525358803,2
-0.3489928646765003,-0.029824772940016953,0.46634884960686057,0.5052462280907652,-0.604980733467964,0.16840919863322157,-0.23284913756535897,-0.3456677910232647,0.5968053263390442,2
0.9028152680247306,1.114344046748493,0.8175925928169662,-1.2804284038794393,-1.4222392693744532,-0.8701830142808552,0.3971572168781139,-0.3456677910232647,-0.6116969961599849,2
-0.21458502594398798,0.1681681612555942,0.4618909490670796,0.25778753955255507,-0.806369820355246,0.15733774023066396,-0.11373287120267908,-0.3456677910232647,-0.2635478379744868,2
-0.20904401793720376,0.14136474442734087,0.467324938809998,0.1756712011378465,-0.7352158670908024,0.1582628682835018,-0.09455889367815906,-0.3456677910232647,-0.6116969961599849,2
0.9024515471171811,1.107869383636078,0.815751468615034,-1.2900327600304218,-1.4154214556910534,-0.8665007613574834,0.39933066228790826,-0.3456677910232647,-0.6116969961599849,2
-0.23083636497445675,0.17002949305719667,0.47323445674291736,0.17073881342831027,-0.7503078426922121,0.16256070478250295,-0.11199934475137026,-0.3456677910232647,-0.6116969961599849,2
0.3057727877473634,0.33701728056645697,0.5735045450998504,-1.4103134446258576,-0.04183372433897814,-0.5871098537885235,-0.04016254997757571,-0.06503504320718262,1.797956172413836,2
-0.7811490163667987,0.029572370725596195,0.486304164857181,-0.4034825691562995,0.05991211700722464,0.17205226968886245,-0.4612963542761576,-0.3456677910232647,-0.6116969961599849,2
-0.7811490163667987,0.017364431604185146,0.49669090031509416,-0.3754740491636755,0.057055462007301286,0.16595096305016444,-0.46047105888284673,-0.3456677910232647,-0.6116969961599849,2
1.089303372893919,0.9099993570455027,0.7207783346901456,-1.1234947866741756,-1.4569626565984415,-0.4777700879220358,0.11830047117554301,-0.3172822437342585,2.9101380969366786,2
-0.21958347085804542,0.1709295549704525,0.46460184567732865,0.24036510540314251,-0.7966773377619216,0.1587178347443215,-0.11485294502807687,-0.3456677910232647,-0.3315783468437421,2
-0.2036745891582209,0.16214068429334028,0.4559736954797307,0.29581664054489853,-0.8275262440929986,0.1543253165251836,-0.11128801187592596,-0.3456677910232647,-0.11505314026678054,2
-0.21789272672460333,0.15300396863095733,0.46972447857379346,0.17366842179546427,-0.7413439127251311,0.16000799025363688,-0.10164052983253583,-0.3456677910232647,-0.6116969961599849,2
-0.1480342216755837,0.06111499111676298,0.45078066826972635,0.18947990052794472,-0.6929644127131098,0.14623065675889735,-0.045732653674342885,-0.3456677910232647,-0.6116969961599849,2
-0.5872260630479597,-0.270946113297486,0.5018556493462424,0.6550716709056036,-0.22412994360293734,0.19853621720744158,-0.4080802344404428,-0.3456677910232647,1.0368302417633422,2
-0.07421317793888951,-0.03598614529083097,0.4307623204963968,0.20618824351686513,-0.6418407136897661,0.13167184050915767,0.013346448694131874,-0.3456677910232647,-0.6116969961599849,2
-0.19293726184599483,0.12017858610269345,0.46295720532083107,0.17931673622633282,-0.7240613654884352,0.1550863309380304,-0.08166863036339655,-0.3456677910232647,-0.6116969961599849,2
-0.7811490163667987,-0.02129836077538068,0.5295859035189072,-0.2867704946518004,0.04800837731399894,0.14662800038873353,-0.4578573315267341,-0.3456677910232647,-0.6116969961599849,2
-0.42449721712567723,0.24028046563668148,0.5952140153175353,-0.6073383062786015,0.13434867562873765,-0.41215894372225426,-0.32195574265794225,-0.3456677910232647,-0.6116969961599849,2
-0.1525768669375494,0.06709019811609437,0.4520125155596299,0.18845173740166005,-0.6961103561648294,0.14712654679660261,-0.04936814012740069,-0.3456677910232647,-0.6116969961599849,2
-0.7279682139997875,-0.21553434738024554,0.5189417413537668,-0.2780256156777059,0.23426538457844692,0.0957781258463821,-0.37263592152423847,-0.3456677910232647,-0.6116969961599849,2
-0.2064287223060311,0.1379246931225332,0.4666157386304175,0.1762631360958365,-0.7334046818252292,0.157747085701657,-0.09246586829546494,-0.3456677910232647,-0.6116969961599849,2
-0.5124531795072168,-0.6474353202062338,0.5946625314107233,-0.2625774364796401,-0.025591596304618214,0.2161995452902042,-0.12523993541180528,-0.3456677910232647,-0.6116969961599849,2
-0.6286513493712145,-0.4544144197209602,0.4973104387505586,-0.3451350768476434,0.3555154574938511,0.09284409046947228,-0.238338022484414,-0.3456677910232647,-0.6116969961599849,2
-0.7497990838057349,0.06697213867890872,0.4798153423595213,-0.46471406464610004,0.07087267830006046,0.1301347864058282,-0.45032445966366064,-0.3456677910232647,-0.6116969961599849,2
-0.7688099633584515,-0.09436242566306074,0.5509368230098813,-0.22050771136843647,0.08467252394803715,0.12083724153679068,-0.43619148623075943,-0.3456677910232647,-0.6116969961599849,2
-0.5742293972121688,-0.9597204763456385,0.5788958451901534,-0.2318714989553223,0.10594278463126675,0.18944392371306917,-0.19581255280955465,-0.3456677910232647,-0.6116969961599849,2
-0.22590678333514788,0.16354532600994898,0.4718976823675145,0.17185455409861614,-0.7468939320336478,0.16158850404349995,-0.10805419248095176,-0.3456677910232647,-0.6116969961599849,2
0.35463245021192036,0.3727474886600832,0.5826882933614606,-1.3924279107593842,-0.1300788079193382,-0.5802916080742341,-0.03028105986930232,-0.08076475856102182,1.8673099850939157,2
-0.6410304323140599,-1.2974066030149904,0.5618467120643427,-0.1986679703709881,0.2481760440381342,0.16051202592865954,-0.2721254781902465,-0.3456677910232647,-0.6116969961599849,2
-0.7811490163667987,-0.05286848859424928,0.5564463394013228,-0.21433955054317086,0.0406209745275763,0.13084982288226318,-0.4557230907842118,-0.3456677910232647,-0.6116969961599849,2
-0.4315543286307635,0.23652070796734154,0.5927105519623598,-0.6042442103645475,0.1329716248432111,-0.400394402187093,-0.32474057865940675,-0.3456677910232647,-0.6116969961599849,2
0.8961234845731467,0.9952223724896264,0.7837193559172522,-1.457130568149526,-1.2968042673286635,-0.8024364573309535,0.4371445415666377,-0.3456677910232647,-0.6116969961599849,2
-0.6285041229850186,-1.2340848165735943,0.5650437091617704,-0.20489418631552614,0.22150493330623222,0.16593723978306973,-0.25781553063233004,-0.3456677910232647,-0.6116969961599849,2
0.9003747367421753,1.0708996982332528,0.8052388316868758,-1.3448726828547701,-1.3764924144986157,-0.8454754616952264,0.41174082041431914,-0.3456677910232647,-0.6116969961599849,2
0.5967986566066137,0.5498393577249401,0.6282062802818832,-1.3037807186317352,-0.5674534446995316,-0.5464979096406003,0.018695188683030897,-0.15872693232083446,2.2110526322709476,2
-0.19329694845087428,0.15640755082542276,0.45034540278077373,0.3319886430294161,-0.8476495231618244,0.1514600003616226,-0.10896254387026853,-0.3456677910232647,0.026190024421815894,2
-0.21035825956243456,0.16583308178170203,0.4595985707668121,0.2725202334631074,-0.8145659414056228,0.15617070984541584,-0.11278571854391219,-0.3456677910232647,-0.20602013230750033,2
-0.7811490163667987,-0.04253090059765016,0.547650932516859,-0.23805694765653307,0.04303996778630244,0.13601636193889674,-0.45642194451101126,-0.3456677910232647,-0.6116969961599849,2
-0.540274010289324,-0.7880724910704813,0.5875620269507053,-0.24874906168418026,0.03364472294568016,0.20415018959926978,-0.15702221214247972,-0.3456677910232647,-0.6116969961599849,2
-0.6612131953158701,-1.3994325529597964,0.5566956150380811,-0.18863610563686703,0.29114933271854454,0.15177075964012554,-0.29518209227690045,-0.3456677910232647,-0.6116969961599849,2
-0.6617758703516733,-0.4086652689271452,0.4703629121139774,-0.36700209701498804,0.4625683671272345,0.05854719629137825,-0.2708122928535954,-0.3456677910232647,-0.6116969961599849,2
-0.6281995734600536,-0.4550383793639361,0.49767796839444256,-0.34483683878508226,0.35405539333713215,0.09331185604490325,-0.2378951151562151,-0.3456677910232647,-0.6116969961599849,2
-0.5384828921174184,-0.5789484575168012,0.5706644626490337,-0.28561073008379745,0.06410609003864348,0.18620387183687118,-0.14993961632001465,-0.3456677910232647,-0.6116969961599849,2
-0.7811490163667987,0.04967357753167484,0.46920169445631205,-0.44960051315198085,0.06461579486439603,0.1820984884086682,-0.46265525959277654,-0.3456677910232647,-0.6116969961599849,2
-0.538069379532559,-0.7769278550651775,0.5881246985202103,-0.24984487584691734,0.02895060678647654,0.20510502737401087,-0.15450366101260024,-0.3456677910232647,-0.6116969961599849,2
-0.5091059140620569,-0.6458254602599423,-1.935078915210205,0.775166379613575,1.553876225085398,0.7699702999175309,0.9783798181309262,-0.3456677910232647,-0.6116969961599849,3
0.7303008777803673,-0.5966106893250658,-1.0310045730575754,1.1583404669246988,-0.1840729901447472,0.19493746127805284,0.8417888422402531,-0.001005471008761999,3.8285681710720514,3
-0.22819979650998812,-0.25943360072919797,-0.4291104838483148,2.013917077279973,-1.1295345239687458,0.8563104049392936,-0.21013327232290457,1.0928101518093851,-0.6116969961599849,3
1.2860480767251699,-0.22503428864040106,-1.935078915210205,0.3376116292961117,0.073498850961918,-0.26984269337461825,2.238373013955007,-0.3456677910232647,-0.6116969961599849,3
-0.12473508516750476,-0.748611145443422,-1.935078915210205,0.6304587169415822,1.4899202301868777,0.35667190542381294,1.3649767814348217,-0.3456677910232647,-0.6116969961599849,3
0.6103975224591571,-0.7063969042622056,-1.8293230749569154,0.30605281656415634,1.1982248645473073,-0.3994603803080801,1.7954298219384606,-0.3456677910232647,0.6393300863573164,3
0.36705005074565406,-1.0375095635566096,-0.6232228450922443,0.756301710903965,0.10447320739964847,0.1571460309526798,1.00809017909054,-0.3456677910232647,-0.6116969961599849,3
-0.5686143757082384,-0.6299121350419257,-1.935078915210205,0.7975700839185843,1.5637779204882665,0.8339573400576272,0.9185267053713951,-0.3456677910232647,-0.6116969961599849,3
-0.08103635892033045,-0.43244219749616697,-0.4951907341394639,1.6324907805851372,-0.7310204186145159,0.6374419250453924,0.13690689215517793,0.6128146766054292,-0.6116969961599849,3
0.46767860080048584,-0.8278458606674348,-1.935078915210205,0.42837251033497614,1.2874772998728958,-0.20205597710860793,1.9128666244047912,-0.3456677910232647,-0.6116969961599849,3
0.8567441742007366,-0.5049993181822006,-1.606595553290839,0.29133638535217665,0.7886327078906729,-0.5261873507529462,1.5710403993744846,-0.29676321680260753,2.3866184877868966,3
-0.3126505123356138,-0.16015146869789,-0.39118989344606775,2.2328010903078126,-1.3582244894587792,0.9819095354124834,-0.4092845750543421,1.3682587424237442,-0.6116969961599849,3
0.11073051092452091,-0.6578875771478807,-0.5812990974968889,1.1354588534183137,-0.21172157764905686,0.3522370943863953,0.589130672344186,-0.012661537644294008,-0.6116969961599849,3
0.286656339990629,-0.9021870256693163,-0.6252666592345519,0.8160072461893124,0.08376887906672711,0.17968994794980664,0.9152004322911281,-0.3456677910232647,-0.6116969961599849,3
1.0343430201063541,-2.306903755800509,-0.6294887181498623,0.25124033227962866,0.42328094698332136,0.0052387900660083725,1.8239192312733412,-0.3456677910232647,-0.6116969961599849,3
1.633430065529732,0.030847545818961687,-1.935078915210205,0.2990853935450649,-0.44181148300682355,-0.29861684124274374,2.3765441705011154,-0.3456677910232647,-0.6116969961599849,3
-0.2773978986237204,-0.7077871528208193,-1.935078915210205,0.6879331069095055,1.5153220072849989,0.5208240495441394,1.21142980113629,-0.3456677910232647,-0.6116969961599849,3
-0.5860701267372217,0.16128668598892526,-0.2684173023046016,2.941465094581279,-2.0986364749641564,1.3885522202899543,-1.0540614945637048,2.260057547169831,-0.6116969961599849,3
1.0294307419381032,-2.3548473941061374,-0.638546876592574,0.25124033227962866,0.47852824778511793,0.020158128165636446,1.8354772658393506,-0.3456677910232647,-0.6116969961599849,3
0.2196961306558216,-0.8407164662837086,-1.935078915210205,0.5007874920559396,1.4326098428574296,-0.013681039732576505,1.7114028161246093,-0.3456677910232647,-0.6116969961599849,3
1.2273320596617745,-0.26828455101016835,-1.935078915210205,0.34412350149631243,0.16059884847870143,-0.2649791615518442,2.215018723154413,-0.3456677910232647,-0.6116969961599849,3
1.0002491103960494,-2.639658949946537,-0.6923573150635047,0.25124033227962866,0.8067275721049593,0.10878719442832659,1.9041383421268334,-0.3456677910232647,-0.6116969961599849,3
0.6123598268111925,-0.7048069259130006,-1.8283865333343203,0.30489213155429,1.1963984148156561,-0.4012663856536983,1.7946676372953139,-0.3456677910232647,0.6504088024921892,3
1.0379316772585918,-2.271878605632547,-0.6228712946310484,0.25124033227962866,0.38292011757312766,-0.005660509107219488,1.8154755271526746,-0.3456677910232647,-0.6116969961599849,3
-1.2216437857983986,0.5233862413466317,-0.4151251875493698,4.070042404650333,-3.3266151952430922,3.7565245956476696,-2.0944250165829876,3.073647349274797,-0.6116969961599849,3
0.9867972530448239,-2.770948539276878,-0.7171623141011597,0.25124033227962866,0.9580176220515055,0.14964253710578718,1.935789040014297,-0.3456677910232647,-0.6116969961599849,3
0.3952210511593324,-0.8807459700787208,-1.93201954065369,0.43332772397319186,1.3985041983089488,-0.20142287556744937,1.8790071741576098,-0.3456677910232647,-0.5755064612770138,3
0.8571032852782372,-1.8623905993244612,-0.6107644360722491,0.39235669068663487,0.2306798841792561,0.019725835520469998,1.5743150796014196,-0.3456677910232647,-0.6116969961599849,3
0.19258722605415216,-0.8334671978049588,-1.935078915210205,0.5109934336300902,1.4371205310628672,0.015468068123959261,1.6841369067223753,-0.3456677910232647,-0.6116969961599849,3
0.6799543771922026,-0.6330880043089531,-0.8018189029172328,1.5035594127967897,-0.5713796278603572,0.48207099702799683,0.5514194435485561,0.11675773150266323,4.402715813792991,3
-1.2130846310956644,0.5391479408398472,-0.3899925241114772,4.082644267521809,-3.3365063685785574,3.6483892176582415,-2.104983557858252,3.130186239272096,-0.6116969961599849,3
0.802551280269272,-1.7705660561441094,-0.6121512878331822,0.4328705148323332,0.21663074261933393,0.035023249477345836,1.5112837568139428,-0.3456677910232647,-0.6116969961599849,3
0.742070719313902,-0.6257284196106239,-1.935078915210205,0.39794118174924314,0.8804409572112465,-0.2247842694392596,2.022006066241154,-0.3456677910232647,-0.6116969961599849,3
0.8562903352840243,-1.8610222030238155,-0.6107851033443473,0.3929604395882449,0.23047051974713384,0.0199538020743239,1.5733757683242835,-0.3456677910232647,-0.6116969961599849,3
0.315694776359891,-0.8663877343238904,-1.935078915210205,0.464645988603492,1.4166364951593955,-0.1169044978112535,1.8079574506613036,-0.3456677910232647,-0.6116969961599849,3
1.2250998129392987,-0.26992882562635856,-1.935078915210205,0.3443710677670352,0.16391018827503956,-0.26479426135741646,2.2141308472101184,-0.3456677910232647,-0.6116969961599849,3
-1.6645108381712022,-0.29215426906341135,-1.7155373148663182,3.417997891129113,-2.814826948421646,9.351656097605431,-1.5481058747594267,0.14821692685982268,-0.6116969961599849,3
-0.4634685375838413,-0.6580294795524071,-1.935078915210205,0.7579848518175203,1.5462825587668143,0.7208982762116778,1.02428150950115,-0.3456677910232647,-0.6116969961599849,3
0.01683313084878202,-0.7864683005383756,-1.935078915210205,0.5771612133113555,1.4663644985321893,0.2044493328650543,1.5073649084673775,-0.3456677910232647,-0.6116969961599849,3
0.7446376136386691,-0.5862233610374071,-1.0962677865267232,1.0600354649398538,-0.07378304156387239,0.11317293722938643,0.9244748148847031,-0.03453987575408189,3.6650731316712055,3
-1.6982653874058775,-0.35431333500434525,-1.8146524442075238,3.3683002030375535,-2.7758193467441106,9.778107197874535,-1.506466388887252,-0.07475424405243386,-0.6116969961599849,3
-0.29156597157897973,-0.7039984285551821,-1.935078915210205,0.6932670931743277,1.5176794525787909,0.5360584049251639,1.1971796719157035,-0.3456677910232647,-0.6116969961599849,3
0.718689019037318,-0.6186525465718763,-1.7776391994085736,0.2419993904766614,1.0974306250298067,-0.4991263783487543,1.753367990097931,-0.3456677910232647,1.2507188085836334,3
-1.26848447769066,0.4371290190739359,-0.5526657958702115,4.001077653278003,-3.2724849196784427,4.348304520064517,-2.036642514001467,2.7642335323416787,-0.6116969961599849,3
0.5659876749982966,-0.7423804640402922,-1.8505183959360776,0.3323208336456087,1.239560121177313,-0.3585878103475556,1.8126791868007703,-0.3456677910232647,0.388602367641524,3
0.5358376583691287,-0.7776398475528694,-1.935078915210205,0.42081336217794246,1.1863693902787333,-0.20770168950659754,1.939976883764411,-0.3456677910232647,-0.6116969961599849,3
-0.13235536048899282,-0.7465733861720992,-1.935078915210205,0.6333275929014488,1.4911881783581478,0.3648656790382907,1.3573123722825986,-0.3456677910232647,-0.6116969961599849,3
0.7026313926220524,-0.6166579322073071,-0.9050484604308043,1.3480662748276695,-0.39692939801409854,0.35274062561069386,0.6822073087936676,0.06371495932937951,4.1441088639376655,3
-0.3154892522097008,-0.697601036748584,-1.935078915210205,0.7022737132486818,1.5216600803969182,0.5617821402672447,1.1731178364462878,-0.3456677910232647,-0.6116969961599849,3
-0.09978653871466858,-0.41039907083047944,-0.48677141073884644,1.681088528493544,-0.7817953342345678,0.6653280862858426,0.09269030149653457,0.6739711812913147,-0.6116969961599849,3
0.681095376256668,-1.566125671218181,-0.6152390081530482,0.5230714732721703,0.18535139388630445,0.06908178208090529,1.370949294514984,-0.3456677910232647,-0.6116969961599849,3
0.06865917339585158,0.9951576418685448,-0.2931427506864601,0.30706589001255086,-0.33399317233536147,-0.8793782462817666,0.34816517388263535,-0.3456677910232647,-0.6116969961599849,4
0.3874274946534972,1.40631746100312,-1.9124773989773747,-1.7968218070103783,1.051151340391273,-0.8793782462817666,1.6410644738263873,-0.3456677910232647,-0.6116969961599849,4
0.13011072526372672,1.8764191068605374,-1.415498154362681,0.664778463281474,-0.15785021197979426,-0.8793782462817666,0.7669118234361746,-0.3456677910232647,-0.6116969961599849,4
0.04072365588373153,1.0574311200616386,-0.3051038865520148,0.3210426211583169,-0.33256765256778276,-0.8793782462817666,0.32263130870399137,-0.3456677910232647,-0.6116969961599849,4
-1.3216584369272657,3.4987942196279906,-1.935078915210205,-2.093330351987998,2.5623715074501687,-0.8793782462817666,-0.395982190678825,-0.3456677910232647,-0.6116969961599849,4
0.2146300404126528,0.9425642393999578,-1.9262742643735777,1.33431952139312,0.12310642437944797,-0.8793782462817666,1.3959726261163272,-0.3456677910232647,-0.6116969961599849,4
0.19501782381913763,1.1592598420000697,-1.8077516322074778,1.1789564043730718,0.057912067374143325,-0.8793782462817666,1.2500027174520776,-0.3456677910232647,-0.6116969961599849,4
0.12054154123304948,0.8795021684836661,-0.27092830449056743,0.28110804240326115,-0.33664067442329043,-0.8793782462817666,0.3955871478957915,-0.3456677910232647,-0.6116969961599849,4
0.10178947295123304,0.921304025732828,-0.27895736772097485,0.29049009937386444,-0.33568377630937085,-0.8793782462817666,0.3784472190177641,-0.3456677910232647,-0.6116969961599849,4
-0.6966213855429082,2.73864445940994,-1.935078915210205,-1.9912876841101268,2.014554746243844,-0.8793782462817666,0.35352504544119023,-0.3456677910232647,-0.6116969961599849,4
-0.026126705898197294,1.2064530433111802,-0.3337271708562422,0.3544892731925181,-0.32915634965747936,-0.8793782462817666,0.26152815841716476,-0.3456677910232647,-0.6116969961599849,4
-1.9118275118235553,4.21653867937947,-1.935078915210205,-2.1896805231787293,3.0796280612140614,-0.8793782462817666,-1.1036778243845715,-0.3456677910232647,-0.6116969961599849,4
-1.3059501266185458,3.479690282848311,-1.935078915210205,-2.090765835391414,2.5486038825417134,-0.8793782462817666,-0.3771457197567769,-0.3456677910232647,-0.6116969961599849,4
0.19945785949370406,1.1102018376955334,-1.8345841277875543,1.2141292660836112,0.07267150415191606,-0.8793782462817666,1.2830490382895077,-0.3456677910232647,-0.6116969961599849,4
0.31003713837787217,0.7204664936223777,-0.6480556837663964,-0.8312409456888137,0.37584709618032,-0.8793782462817666,0.8552561802920567,-0.3456677910232647,-0.6116969961599849,4
-1.2110583714785554,3.364286012402946,-1.935078915210205,-2.0752739412186574,2.4654355425995638,-0.8793782462817666,-0.2633571739929259,-0.3456677910232647,-0.6116969961599849,4
0.08485410664833247,1.8024122385120118,-1.168985952261504,0.5714622948179006,-0.20691990885434003,-0.8793782462817666,0.6228775377044471,-0.3456677910232647,-0.6116969961599849,4
0.16428411214755334,1.498836969300109,-1.6220183987312269,0.9354915609105743,-0.044252038414790335,-0.8793782462817666,1.0212576868114354,-0.3456677910232647,-0.6116969961599849,4
-0.05968524954786689,1.2812612953957534,-0.3480959148707283,0.37127932342270953,-0.3274438928424946,-0.8793782462817666,0.23085468588276337,-0.3456677910232647,-0.6116969961599849,4
0.300972238339967,0.640131284438631,-0.4999512298558486,-0.7181403682057348,0.29674724752290416,-0.8793782462817666,0.7632127530144239,-0.3456677910232647,-0.6116969961599849,4
0.038359003036377806,1.6485850011351493,-0.9193850795083592,0.5115318244630289,-0.2435946088025262,-0.8793782462817666,0.5010302020725033,-0.3456677910232647,-0.6116969961599849,4
0.048858105338559846,1.6833208717240358,-0.9757476831842309,0.5250647793420004,-0.2353130609244646,-0.8793782462817666,0.5285446615030047,-0.3456677910232647,-0.6116969961599849,4
0.1620735169159408,0.7869196494420007,-0.25314558026888623,0.2603287152323785,-0.33876000700042536,-0.8793782462817666,0.4335485662668518,-0.3456677910232647,-0.6116969961599849,4
0.3129664743087954,0.746426935965497,-0.6959158583470066,-0.8677895655350293,0.4014083299318063,-0.8793782462817666,0.8850001507277188,-0.3456677910232647,-0.6116969961599849,4
0.186290006645498,1.255693592504885,-1.7550067596658243,1.109816800778947,0.028899312697375515,-0.8793782462817666,1.1850432739542072,-0.3456677910232647,-0.6116969961599849,4
0.22503534366450167,0.6381538541423946,-0.23929398592327814,-0.07701310737874839,-0.12795273340140043,-0.8793782462817666,0.5128910548917978,-0.3456677910232647,-0.6116969961599849,4
0.33449506394535133,0.9372182016884261,-1.0476549837928084,-1.1363966003737032,0.5892656890795531,-0.8793782462817666,1.1035977266873376,-0.3456677910232647,-0.6116969961599849,4
0.17062171963895617,0.7678641114291147,-0.24948550079722687,0.25605186834070176,-0.3391962126999848,-0.8793782462817666,0.44136186901860835,-0.3456677910232647,-0.6116969961599849,4
-0.037548263983755714,1.397448767952679,-0.5118901257459618,0.4136901623853089,-0.3034692197956387,-0.8793782462817666,0.30210391687270677,-0.3456677910232647,-0.6116969961599849,4
0.1478937438968458,1.6799343331798857,-1.5229663829642854,0.8056511276074692,-0.09873642135487881,-0.8793782462817666,0.899267367913964,-0.3456677910232647,-0.6116969961599849,4
0.3325284496832174,0.9197896180888678,-1.0155239806788074,-1.1118596272351438,0.572105114792817,-0.8793782462817666,1.0836290655809864,-0.3456677910232647,-0.6116969961599849,4
0.22333473002758256,0.642264188359327,-0.23952456702514743,-0.06455165578033756,-0.1359907778073504,-0.8793782462817666,0.5105092980972123,-0.3456677910232647,-0.6116969961599849,4
0.18386200326341215,0.7376686329269485,-0.24487655564471236,0.22468951184908537,-0.3225608038651977,-0.8793782462817666,0.455226644159605,-0.3456677910232647,-0.6116969961599849,4
-0.7048661748892964,2.748671504416031,-1.935078915210205,-1.9926337167959223,2.0217809319340576,-0.8793782462817666,0.34363838470369235,-0.3456677910232647,-0.6116969961599849,4
-1.626181689717106,3.869145508525696,-1.935078915210205,-2.143046388944044,2.8292723922630914,-0.8793782462817666,-0.7611483532723375,-0.3456677910232647,-0.6116969961599849,4
0.10685773299923795,0.9100059289125549,-0.27678729347732256,0.2879543415151794,-0.33594240423285665,-0.8793782462817666,0.3830797542374864,-0.3456677910232647,-0.6116969961599849,4
-0.026507673961893963,1.207302292171402,-0.33389028975204704,0.35467987958451,-0.3291369092620981,-0.8793782462817666,0.26117994266739103,-0.3456677910232647,-0.6116969961599849,4
0.3871801858048489,1.404125753647708,-1.9084368092496182,-1.793736193988521,1.0489933361752397,-0.8793782462817666,1.6385533425474446,-0.3456677910232647,-0.6116969961599849,4
0.344655950057951,1.0272662891394329,-1.2136659141573096,-1.2631715325041615,0.6779290555117332,-0.8793782462817666,1.206769607024752,-0.3456677910232647,-0.6116969961599849,4
0.08243454729274649,0.9644497645006809,-0.2872445560778194,0.30017377865983397,-0.3346961150242625,-0.8793782462817666,0.3607562611863204,-0.3456677910232647,-0.6116969961599849,4
0.06840543498202106,1.7479924496657475,-1.08068412078681,0.5502605648916243,-0.219894395435613,-0.8793782462817666,0.5797713466966401,-0.3456677910232647,-0.6116969961599849,4
0.12212938168119725,1.925736032531777,-1.3690917797044688,0.619508746848011,-0.17751768321944678,-0.8793782462817666,0.7205629410021546,-0.3456677910232647,-0.6116969961599849,4
0.1309894219837007,0.8562118938786782,-0.2664548408752457,0.27588074635508447,-0.3371738186735409,-0.8793782462817666,0.40513681091434617,-0.3456677910232647,-0.6116969961599849,4
-0.011938455735779258,1.4821778199710618,-0.6493719247561284,0.44670025882059633,-0.2832685543435538,-0.8793782462817666,0.36921822910447005,-0.3456677910232647,-0.6116969961599849,4
-0.19515910151698446,2.1287823174514204,-1.935078915210205,-1.9094196585446,1.5750456904306414,-0.8793782462817666,0.9548487744685383,-0.3456677910232647,-0.6116969961599849,4
0.3256176337937883,0.8585443933443991,-0.9026134566685768,-1.0256350395722564,0.5118016929495212,-0.8793782462817666,1.013457836214096,-0.3456677910232647,-0.6116969961599849,4
-0.04918714753968276,1.2578590682420272,-0.34360094804593744,0.3660269006155946,-0.3279795998301397,-0.8793782462817666,0.24045025257281402,-0.3456677910232647,-0.6116969961599849,4
0.3209125518150763,0.8168468849983664,-0.8257407284368676,-0.9669308633902401,0.47074539107298585,-0.8793782462817666,0.9656832475113005,-0.3456677910232647,-0.6116969961599849,4
0.18910713934022036,0.724991289983828,-0.24416538337736782,0.18625514443648727,-0.2977693781201861,-0.8793782462817666,0.46257260341704987,-0.3456677910232647,-0.6116969961599849,4
-0.02855214439476228,1.9261603477192022,-1.935078915210205,-1.882219641595027,1.429022213193591,-0.8793782462817666,1.1546339226841016,-0.3456677910232647,-0.6116969961599849,4
0.17507443459621552,1.3796145747220527,-1.687227622402521,1.0209698198968566,-0.008383164003468613,-0.8793782462817666,1.1015679554023818,-0.3456677910232647,-0.6116969961599849,4
-2.128785568098417,4.4803960204593904,-1.935078915210205,-2.2251007895946957,3.2697820039969305,-0.8793782462817666,-1.363841014314486,-0.3456677910232647,-0.6116969961599849,4
0.08839452558394582,0.9511638614209442,-0.2846926753021773,0.297191875275565,-0.33500024638194215,-0.8793782462817666,0.36620385248614523,-0.3456677910232647,-0.6116969961599849,4
0.1550549672169868,1.6008098958521315,-1.5662438489959944,0.8623805631299,-0.07493129216400712,-0.8793782462817666,0.95256695845137,-0.3456677910232647,-0.6116969961599849,4
1.4455580678845885,0.6191536647641038,0.16861179325129355,0.11770641525440562,-1.1836418486438245,0.2924447142784872,0.1268681062224889,-0.3456677910232647,-0.6116969961599849,5
-0.5393569804227714,1.8800865508256184,-1.935078915210205,0.8263602978615163,0.5272605805468485,-0.8793782462817666,-0.22683764905038142,2.4764245539560203,-0.6116969961599849,5
-0.7535811585099885,1.8827016580682838,-1.935078915210205,1.7195366164101868,0.8353882724088401,-0.8793782462817666,-0.1755622371408648,0.9521814156649059,-0.6116969961599849,5
-0.4213260678173072,1.5297284959607884,-1.8623429513174692,1.7965368107748882,0.7972969015948573,-0.8793782462817666,-0.014438870605474413,0.944261948747483,-0.6116969961599849,5
-0.913467188856536,1.9915163831779668,-1.935078915210205,1.699579859410712,0.9461140370758832,-0.8793782462817666,-0.29588792555828575,0.9185937473084835,-0.6116969961599849,5
-0.5721694491008599,1.1331380357380705,-1.935078915210205,1.147503925856586,1.10574681687098,-0.8793782462817666,-0.30644652690139984,2.7708365489726607,-0.6116969961599849,5
1.2983347266190453,1.751445209517554,-0.3668279997704739,1.2565316489515166,-2.963698127213373,0.48373444449645675,0.5780612005194837,-0.3456677910232647,-0.6116969961599849,5
-0.808009965017808,0.9809762954366771,-1.935078915210205,2.8725537990372323,0.10663788023397652,-0.7520296041877211,0.1484818744954231,1.5201653528541752,-0.6116969961599849,5
1.5866639690122084,2.6258634305053854,-0.5782342603116295,0.10825623871458023,-2.8434053291764023,-0.12630729674253607,-0.048496998613271614,2.1247585608344868,-0.6116969961599849,5
-0.517526617146235,1.2748761030452298,-1.5364831874125353,1.5024018673270851,0.7383887601605094,-0.8793782462817666,-0.0673860062182744,0.9944305060139842,-0.6116969961599849,5
-0.544746669176459,1.20276533607373,-1.4442808061379662,1.4191760591544011,0.7217206362669115,-0.8793782462817666,-0.08236745690941258,1.0086257548831585,-0.6116969961599849,5
-0.4846124408619827,1.0525198380119907,-1.935078915210205,1.2769768423109278,0.9642620162862846,-0.8793782462817666,-0.2606661422742515,2.857592360076229,-0.6116969961599849,5
0.5016644333536584,1.1514722329289075,-1.935078915210205,1.2227716260139536,0.9742427035544202,-0.8793782462817666,-0.35227342690841246,2.841862894076171,-0.6116969961599849,5
-0.9746466697494833,2.032860283802817,-1.935078915210205,1.6924657503724805,0.9896491224558047,-0.8793782462817666,-0.34242432215706503,0.9052463006994139,-0.6116969961599849,5
-0.9466562481543102,0.9275878960271547,-1.935078915210205,2.6058022181210925,0.9655957332310614,-0.7485269897430465,0.0810204670322283,0.7620438680637946,-0.047010485609764466,5
-0.49925708262021584,1.8594829272776872,-1.935078915210205,1.0433298287760477,0.5107482224946287,-0.8793782462817666,-0.36675596090893064,2.7159534052677197,-0.6116969961599849,5
-0.564398952699312,1.1259833438643978,-1.935078915210205,1.1589943690734392,1.0931903447400726,-0.8793782462817666,-0.3023836161057706,2.778535940849487,-0.6116969961599849,5
1.040680389321634,0.18409331687228309,0.19693418727685172,-0.18981466720698056,-0.13782220407477183,-0.024136583962011127,-0.11455061394929339,-0.039478124149430804,-0.6116969961599849,5
-0.563002079736601,1.1246971717695404,-1.935078915210205,1.1610599629080867,1.0909331148900974,-0.8793782462817666,-0.30165324188679654,2.7799200316187607,-0.6116969961599849,5
-1.0946196530031955,1.7779304296825789,-1.935078915210205,2.016422904689878,1.3578473527537278,-0.8793782462817666,-0.41271949282378756,0.7435633090540471,-0.6116969961599849,5
-0.4105549803458233,0.5191016280833535,-0.5026876816928844,0.5438540494728996,0.43942701483911006,-0.7090819117504612,-0.18867011092500952,0.8945785886049641,-0.6116969961599849,5
-0.5595890960580446,1.1215546638359315,-1.935078915210205,1.1661068341930005,1.0854180187844615,-0.8793782462817666,-0.29986871648245417,2.783301784527775,-0.6116969961599849,5
0.211490087453854,-1.0074385405715047,-1.0019895015897777,-0.4802842663447922,1.8134368080374408,2.486240230290685,-0.04608292539468037,-0.3456677910232647,-0.6116969961599849,5
-0.6331915641362675,1.1893242055780275,-1.935078915210205,1.0572688737372686,1.2043534498601534,-0.8793782462817666,-0.33835277807733516,2.7103728214922898,-0.6116969961599849,5
-0.49495462047167105,1.8604943730832633,-1.935078915210205,1.0323072291398876,0.5082631025465673,-0.8793782462817666,-0.36244821346652445,2.71377650715476,-0.6116969961599849,5
-0.5158465915267345,1.081278711627536,-1.935078915210205,1.230790058855436,1.014733790814923,-0.8793782462817666,-0.2769973470481,2.8266440199084295,-0.6116969961599849,5
-1.012578758341835,1.0382038461685672,-1.935078915210205,2.5466574092037413,0.7920295919530296,-0.7663302503379188,0.08814991092813526,0.8611576857258763,-0.3305614172233553,5
-0.8711775003863137,0.9489716277293095,-1.935078915210205,2.673260301958408,0.9918656222968143,-0.7699013925635312,0.07451523073433022,0.641232364420895,0.07005971713231227,5
-0.060037262108046746,1.2112689823774656,-1.8455884226711197,0.8203009282683219,0.20060624539407557,1.6615774981431923,-1.8329915434543154,5.140216304367898,-0.6116969961599849,5
-0.4555849589307302,1.6332650388195713,-1.935078915210205,1.8397152639447296,0.8143757518643371,-0.8793782462817666,-0.02986845410278388,0.936075814077,-0.6116969961599849,5
-0.4904344824327199,1.662435703871804,-1.935078915210205,1.8256608276545834,0.8168330863188892,-0.8793782462817666,-0.04690678856224387,0.9379593030001604,-0.6116969961599849,5
-0.9005946710081983,1.069930161692446,-1.935078915210205,2.732244861123225,0.2978773890507981,-0.7742583689827673,0.12593101169992035,1.26888436768998,-0.6116969961599849,5
-0.5667272132664783,1.1281270919724826,-1.935078915210205,1.1555515071945335,1.0969526190420453,-0.8793782462817666,-0.30360097912925693,2.7762289852096385,-0.6116969961599849,5
1.3081577245874798,1.8174415845343892,-0.38878509798659366,1.2300820418980847,-2.9990133454211185,0.46019451532568706,0.5597255381660846,-0.2325754530334163,-0.6116969961599849,5
-0.4949749453337944,1.8819653922311887,-1.935078915210205,0.8037296372418528,0.5035195634379757,-0.8793782462817666,-0.23369649341660306,2.527982521935424,-0.6116969961599849,5
-0.9228219126894392,0.9343403535062659,-1.935078915210205,2.627103824832137,0.9738911192454486,-0.7552765013903598,0.07896627311953995,0.7238945612590353,-0.010042589776730934,5
-0.5060620754314876,1.6755167229254404,-1.935078915210205,1.8193583882494369,0.8179350303014346,-0.8793782462817666,-0.05454729923648933,0.9388039170823919,-0.6116969961599849,5
-0.7883335423691267,0.9620715114341827,-1.935078915210205,2.902372740883526,0.06599499691589844,-0.7473054700406532,0.15327446202605466,1.573568458850763,-0.6116969961599849,5
